"#adult #pussy #sexdating #asian porn blooper movies https://t.co/te2QBUN4mv",en
"jimin's side profile should be in the list of the seven wonders of the world i mean #BTSBBMAs https://t.co/6vcmwIdbCP",en
"Galaxy Note 7 is rising from the dead with a new name https://t.co/VlZHJ1Uad8 https://t.co/ON7i1avMUv",en
"bello da vedere e immagino ancora piÃ¹ bello da vivere #festivalbiblico nella Basilica Palladiana di Vicenza!â€¦ https://t.co/wRLUWRqPiQ",it
"On #InternationalMuseumDay, explore the history of @Smithsonian's museums (all 19 of them!): https://t.co/3ETx4kIow6 https://t.co/e31Wam0P1E",en
"Still no comment from the White House https://t.co/XNn4cq6cxC",en
"Va vamos a romantizar el suicidio y a hacer memes sobre los motivos que llevan a una chica a suicidarse quÃ© puede sâ€¦ https://t.co/nDgQeJytuC",es
"-Alors ce 3eme trimestre ? - https://t.co/vsawk7OFHu",fr
"Victor Thorn exposed Clintons emails.  He committed suicide though he had stated If Iâ€™m found dead, it was murdeâ€¦ https://t.co/g4TQtAOcdP",en
"5vf #ÙƒØ§Ø³_Ø®Ø§Ø¯Ù…_Ø§Ù„Ø­Ø±Ù…ÙŠÙ† #Ø§Ù„Ø´ÙˆØ·_Ø§Ù„Ø«Ø§Ù†ÙŠ #ØªÙˆÙ‚Ø¹_Ø§Ù„Ù†ØªÙŠØ¬Ù‡_Ù…Ø¹_ÙƒÙŠØ§ https://t.co/rkwkuvaQdp",und
"Follow me on Instagram @evorw https://t.co/DfsN23A66g",en
"Zomato #Hacked; 17 Million #Accounts #Sold on Dark Web https://t.co/pFSOuOL0NK https://t.co/Uno1fXiBgZ",en
"If Club Penguin had a Purge https://t.co/yS8wumA8mO",en
"When you already coughed in class 43 times and don't wanna draw more attention so you try hold it in  https://t.co/nmk4KIXuuQ",en
"Ğ£ Ğ¼ĞµĞ½Ñ Ğ½ĞµĞ¸Ğ·Ğ»ĞµÑ‡Ğ¸Ğ¼Ğ°Ñ Ğ±Ğ¾Ğ»ĞµĞ·Ğ½ÑŒ - Ğ±Ğ¾Ğ»ĞµĞ·Ğ½ÑŒ Ğº-Ğ¿Ğ¾Ğ¿Ğ½ÑƒÑ‚Ğ¾ÑÑ‚Ğ¸ . Ğ‘Ñ‹Ğ²Ğ°ĞµÑ‚ Ñ…ÑƒĞ»ÑŒ ğŸ†ğŸ˜  #BTSBBMAs https://t.co/VK8jNTO0dE",ru
"#TapaderaDeLosMoreira @Mrikelme corrupto el adoptado de la dinastia Moreira  @aristeguionline @animalpoliticoâ€¦ https://t.co/Wf9qbKNCC1",es
"As fun as it ever was. Available in the App Store. https://t.co/uMKcqDg2AD #TicTacToe https://t.co/RUEwLOsCpI",en
"IF YOU READ THIS LETTER I... I don't know what I can do... but you will make me so happyğŸ’œ @MatthewDaddario https://t.co/RpC1Y4NO3K",en
"What a voice- what a loss! So so sad right now... My heart goes out to his family & loved onesâ€¦ https://t.co/Fsy0Q4WjZk",en
"Field day at Northview is off to a great start. Here are some students participating in the water games, mat-ball,â€¦ https://t.co/3R3nRIky2f",en
"this is the purest thing ive ever seen https://t.co/ckh2YZYxjN",en
"Would you run your friend over for $1,000,000 me: https://t.co/oNNf1nAsRl",en
"Thanks for tuning in fam - see you next week #TSAon3 https://t.co/uJPIH0Z1tw",en
"Macron, en expert, a nommÃ© deux parasites politiques, deux pique-assiettes qui vont se goinfrer d'argent publicâ—ï¸ https://t.co/hfbQePHqxs",fr
"When ransomware guys provide better customer support than most companies ğŸ˜‚#WannaCry https://t.co/H7SIFV5WKl",en
"Alguns diuen que pot ser no van fer amb el echeme una firmita contra CataluÃ±a. Postureig, postureig https://t.co/N72MmQNT3W",und
"Jaden Michael, young star of Wonderstruck, singing his love of Haynes. He said he saw and loved Carol. (He really sâ€¦ https://t.co/g4E5Zrbvos",en
"#virginiaraffaele Ã¨ ormai una tendenza in Italy  https://t.co/I1ZhTpx2Ym https://t.co/XW2D9PT8rH",it
"As i told you earlier.  #PTI Social activists list was provided to FIA by #Maryam    Sharif Family is curse onâ€¦ https://t.co/mvRsJO41Kx",en
"Twitter just notified me it blocked this tweet in France https://t.co/noY7kL2jev",en
"Van 48 dÃ­as de resistencia, los hemos debilitado y seguiremos en la calle hasta lograr la libertad https://t.co/Pv035F3CET",es
"when you're trying to write with a g2 0.7 and you're used to 0.5s https://t.co/eolsGP7wAg",en
"@PremiosJuventud #Bailalo de @belindapop deberÃ­a estar en la siguiente ceremonia! ğŸ˜ğŸ˜ğŸ˜ https://t.co/b4LsNqOU4I",es
"Con Rebeca HernÃ¡ndez en @laacerera de #Monclova. Orgulloso del esfuerzo de las mujeres, sin ellas, #Coahuila no serâ€¦ https://t.co/K2QvqSzKVl",es
"when he sends you pics wearing a kufi and thobe https://t.co/eht8KSKaoj",en
"#WIN a hamper of our new scented candles & room fragrances! Follow @Poundland & RT with #VanillaCandles. T&C:â€¦ https://t.co/0OysSAvnNo",en
"RT dipcarlosf99: #Ahora en nombre de la Gob yelitzePSUV_ estamos entregando 19 viviendas dignas en el sector Palo â€¦ https://t.co/TvxCL29blK",es
"ã“ã‚ŒãŒç§ã®ã‚«ãƒ•ã‚§ã ã€‚#ã‚¾ãƒ³ãƒ“ã‚«ãƒ•ã‚§ https://t.co/c3M6ImITLj https://t.co/VHqdmcRkh4",ja
"Ä°lhan MansÄ±z & Pancu https://t.co/oaNCWWNcu0",tr
"Paul George will reportedly 'consider his options' over weekend before discussing his future with the Pacers:â€¦ https://t.co/xKPLLPI6OI",en
"20 days and counting until #TheProfit airs on @TheProfitCNBC & I can hardly wait! #GameChangerâ€¦ https://t.co/zZbXrVRH2f",en
"Ã–ha ! Dann musss ich wohl wieder mal ein Papierbuch kaufen. https://t.co/WT7l8D44vR",de
"Latest Post:  Development Outside Downtown â€¢ Ankeny Development Thread https://t.co/3AjxIKcZw5 https://t.co/6LZvCl2NLo",en
"Avui Inca xerra de sa Ronda Nord. Rafel Torres, deixa clara la postura del Partit Popular. GrÃ cies Pimeco i Activa'â€¦ https://t.co/H6uvAKy18x",und
"nÃ£o caio... https://t.co/kEwbGicXpV",pt
"Ey TÃ¼rk GenÃ§liÄŸi!  Birinci vazifen, TÃ¼rk istiklÃ¢lini, TÃ¼rk Cumhuriyetini, ilelebet, muhafaza ve mÃ¼dafaa etmektir. /â€¦ https://t.co/HEjMFRjvrT",tr
"SteelSeries Arctis 3 | @SteelSeries  hd : https://t.co/qXiZYua6UM https://t.co/IsGqSbEICP",en
"''DÃ¼ÅŸen yapraklarÄ± deÄŸil, aÃ§an Ã§iÃ§ekleri konuÅŸalÄ±m.''  Adnan DemirtÃ¼rk https://t.co/Hvb8Ovuksl",tr
"Trump on #VENEZUELA: 'we will do whatever is necessary to help fixing (Venezuela)...on a humanitarian level' https://t.co/NIkHTRi4Wb",en
"E' FINITAAAAA!!! #CESVER finisce 0-0: IL VERONA E' IN SERIE A  #DaiVerona https://t.co/AE9AtZmnhR",it
"Goals ğŸ’ğŸ’ https://t.co/P9ausEot1L",en
"Cc @LadiiSpeaks @BITO_WALE ğŸ˜­ https://t.co/kDU5YShyMk",und
"LMFAO!!!!ğŸ˜‚ğŸ˜‚ğŸ˜‚ğŸ˜‚ğŸ˜‚ğŸ˜‚ğŸ˜‚ğŸ˜‚ğŸ˜‚ğŸ˜‚ğŸ˜‚ #NickiBBMAs https://t.co/yLY6wbfFnG",en
"cute lil recap 4 u guys from the weekend. she's back, baby! https://t.co/V38jkLOxdq https://t.co/t2gjzpBrZ6",en
"Waiting for the call to get my transfer in order like https://t.co/WhYtThKxiv",en
"Get your weekly dinner recipes, shopping lists, and more from @PerdueChicken! #Promotion #PerdueCrew -â€¦ https://t.co/KXjIO3lTSy",en
"[#BTSBBMAs] No More Dream:  FaÃ§a seu prÃ³prio caminho mesmo que vocÃª viva apenas por um dia. https://t.co/3i5t0mmwBf",pt
"You know this guy Iowa fans. It's AJ Epenesa about to throw discus in Moline 3A sectionals https://t.co/QWYUCt7o0J",en
"19 MayÄ±s 1989-2017... AtatÃ¼rkÃ§Ã¼ DÃ¼ÅŸÃ¼nce DerneÄŸi  28 yaÅŸÄ±nda. Selam olsun tÃ¼m AtatÃ¼rkÃ§Ã¼lere... https://t.co/SfSP6WiycZ",tr
"Video muestra a los bomberos ayudando a las vÃ­ctimas en Times Square https://t.co/QlqH1SN1OF https://t.co/myKFUWaZst",es
"#NickiBBMAs #NickiBBMAs #NickiBBMAs #NickiBBMAs #NickiBBMAs #NickiBBMAs RT this! 100 RTs = 100 Votes #TEAMMINAJ letâ€¦ https://t.co/my4HLZjQsU",en
"The night falls at #worldleish6. Tomorrow more exciting science in this beautiful venue https://t.co/TsgMiZWTRS",en
"Donald should know a thing or two about witch hunts, having conducted his share under President Obama. https://t.co/KfoWuNif2D",en
"I went to see @jm130tt - wanted to see how he was and have a chat. Heâ€™s alright but needs a service. I wish him allâ€¦ https://t.co/WLdgB5pbuf",en
"FT: Leicester 1-6 Tottenham Hotspur. Four @HKane goals & two for Son see us run out comfortable winners. Away fansâ€¦ https://t.co/PVaGsJMx7m",en
"P E N G TINGGGGGGGGG https://t.co/vnJ4j7ojf0",in
"Video de Shawn ayer cantando Patience durante au show en Estocolmo via @shawnbanan    #IlluminateTourStockholm  https://t.co/ol1zP6XK25",es
"Transforming #salesforce telephony - 1st 100% inside @Salesforce @Natterbox #salesforcetour #salesforceworldtourâ€¦ https://t.co/Lbavo2xpqc",en
"RT if you wouldn't want this thug to be your doctor https://t.co/Kk31Ny2LnR",en
"Remembering you today, Davey. â¤ï¸ https://t.co/trnZKn13ln",en
"This shit bout 10 years too late and you think Ima just sit up waiting for this every night until it drop well thatâ€¦ https://t.co/W8GdqaUhLP",en
"Youtube explained... https://t.co/6uV0Zgjtr0",en
"Shrek saliÃ³ hace 16 aÃ±os, me siento super viejo. https://t.co/5kaWgDRA8x",es
"https://t.co/itFev8cNxT nos encanta tener amigas muy hot y poder ğŸ¥ğŸ“¸ğŸ˜ todo el encuentro sin poblemas ni prejuicios kien ğŸ™‹",es
"This weekend was absolutely busy, but I got to witness & be apart of this... ğŸ˜­ğŸ˜­ğŸ˜­ğŸ’“ https://t.co/Ov0f2oK2qf",en
"What if Mr. Krabs is Pearl's Suga Daddy. Which is why she's always calling him daddy and asking him for money https://t.co/EFt8matGsv",en
"nsvshdhdg it does https://t.co/zsPue9j3vS",en
"Temer e AÃ©cio desmascarados no mesmo dia  A dilma ta assim https://t.co/EyvVvvhxFf",pt
"Facebook => / Franquias em diversos segmentos => https://t.co/xJPWy2RZlF / Instagram => https://t.co/Sh1GOKxFLQâ€¦â€¦ https://t.co/7TsQvky8jU",pt
"NIÃ‘O DE 11 AÃ‘OS es TORTURADO x la dictadura de Maduro en #Maracaibo #VzlaContraLaRepresiÃ³nAsesina #18May @CpinilloVE https://t.co/i8PdAfEl93",es
"@Zakkenrollen @AitBouayach @jndkgrf @ahmedmarcouch @FatimaElatik Hier nog een foto van een Marokkaanse politieagentâ€¦ https://t.co/iXOVE3AAxv",nl
"ğŸAWP | WORM GOD GA ğŸ  âš¡Follow me & @realcsgoturbo  âš¡Retweet & Like âš¡Use code curexi on https://t.co/wC4TA9BVBI  ENDâ€¦ https://t.co/wWjRGUmY7X",en
"DIRECTS RISE  #MTVAWARDSSTAR One Direction https://t.co/Ja2QKmORRI",en
"never been in love with a gif this much til now  https://t.co/QBZOlRhTWx",en
"my life has been a mix of these two pictures lately https://t.co/XuXBnuiCXG",en
"Premier still de Tyler Posey dans la sÃ©rie Jane the virgin : https://t.co/UtmtcluU5i",fr
"Mash'Allah so cute ğŸ˜ğŸ˜ğŸ˜„ https://t.co/IiryUui2MG",en
"Imagine tu rates ce casting. Ta vie est nulle. https://t.co/KguJUtB0Pw",fr
"Difundir! Que no quede #Argentino sin ver este documento excelente que desenmascara a #PerÃ³n  y #Evita https://t.co/SggcdiKerR",es
"Matthijs de Ligt, 17-year-old Ajax defender, on Paul Pogba: I have never seen a bag of money score a goal, as Cruiâ€¦ https://t.co/4BDRp0Ziir",en
"While we look for who will sign our national Budget.  https://t.co/unr9kAcVLl",en
"28 de mayo en SOL - SerÃ¡ un evento histÃ³rico que harÃ¡ temblar las bases del prohibicionismo!â€¦ https://t.co/V6RfMHVrUi",es
"Interesting discussion. Interaction between OBAs, trade, and carbon pricing is active research area. In latest CJE:â€¦ https://t.co/j03dvB5yiB",en
"ALLAH'Ä±m MÃ¼barek Cuma Gecesinde BÃ¼tÃ¼n MÃ¼slÃ¼manlarÄ±n ve Ä°slam Aleminin Her TÃ¼rlÃ¼ MÃ¼sbet DualarÄ±nÄ± Kabul ve MakbulEyle https://t.co/0786Fw5U96",tr
"maap ya ga kuat mata dd:(( https://t.co/Gi7KKqBVJS",in
"BTW, new images of #WonderWoman! https://t.co/FsB3bHUe1p",en
"Ä°ÅŸ cinayeti: UrfalÄ± inÅŸaat iÅŸÃ§isi 18'inci kattan dÃ¼ÅŸerek hayatÄ±nÄ± kaybetti! https://t.co/xnTciEOqU8 https://t.co/1fkQBJ3OL4",tr
"This is a losing battle Karen https://t.co/jv5UbVYPPL",en
"Sabor pizza e a coisa mais vaga do mundo https://t.co/MOtGoIaXis",pt
"[FOTO] 18/05/17 AtualizaÃ§Ã£o do site Buzz Rhythm com EXO-CBX https://t.co/ADfXWCjcCB",pt
"Kindly RT. My cousin is missing. Third day today. Contact : 0728666789. https://t.co/whZgZzhZbg",en
"Looking sharp on the #MUFCPOTY red carpet! ğŸ‘Œ https://t.co/4V6aE7iPzn",en
"ContinÃºa alianza estratÃ©gica entre el Ministerio de Justicia y Fundaprova para rehabilitar a jÃ³venes.â€¦ https://t.co/EkC3mUOptq",es
"I can only imagine the media's outrage and attacks if Trump, like Obama, got caught saying after my election I'llâ€¦ https://t.co/dbsh0hWAjD",en
"Lil Uzi Vert said he spent $2,400 on this shirt we're still roasting him for. Machine Gun Kelly probably bought itâ€¦ https://t.co/gJw2msVC6S",en
"Above the clouds https://t.co/Sojl3Ultgw",en
"Yes, & he won the popular vote, & there were millions at his inauguration. This man lives in world that exists onâ€¦ https://t.co/zKp793Ryi5",en
"Join us as we go live on Facebook with one-half of #TeamValmani. ğŸ•º @DancingABC pro @iamValC stops in later today!â€¦ https://t.co/1iwPfIstoi",en
"Damn respect ğŸ‘ğŸ» https://t.co/4ebOtDe3Zo",en
"RETWEET We have a disadvantage on YouTube views compared to other nominees stream 'Blood Sweat Tears' 'Not Today' &â€¦ https://t.co/zkTzXAghpP",en
"he got the juice lol https://t.co/LSH1oUPUNN",en
"Cause we're friends, right. https://t.co/47SJdMvgnA",en
"ContinÃºa abierta la convocatoria para la distinciÃ³n a â€œJÃ³venes Destacados de la ciudad de Saltaâ€â€¦ https://t.co/VxNcjUe7IF",es
"Also ğŸ™‹ğŸ¾ https://t.co/uOYnMSrSAD",en
"via @csociosPcotos: Comienza Batalla campal en AFF  altura El Rosal #18May  2:43pm https://t.co/Aa3qe1sSsg #Caracas",es
"boi its actually u @TomHolland1996 https://t.co/dp6l21smmy",en
"Angel 21 Years #izmirescort sizin yeriniz ve otellerde gÃ¶rÃ¼ÅŸÃ¼yor  0553 814 8393 https://t.co/lyY8KSVEhP -12",tr
"PROMMM #cougarlife #yay https://t.co/r9aTiPlPrt",en
"El protegido del partido joven @Mrikelme es el gato y #TapaderaDeLosMoreira @Torreon @vanguardiamx @reforma https://t.co/1rBEQ5FzmS",es
"REPORT: Trump Thinks After FBI Investigation Mike Flynn Can Return to White House Position https://t.co/VfpnNa7OXc https://t.co/HBwblOnvIV",en
"Pls RT for those who still doubt the damage the Tories have done to our NHS despite incredible effort from staff https://t.co/umop0y2q8s",en
"Si mis tetas tuviesen WhatsApp: https://t.co/DxweXIzYHn",et
"AO VIVAÃ‡O BICHO KKKKKKKKKKKKKKKKKKKKKKKKKKKKKKKKKKK https://t.co/fKIAzLK2wR",pt
"I'd like to be her Uber driver ğŸ˜ğŸ˜ğŸ˜ https://t.co/fWBQlHDQep",en
"CÃ³mo dicen todavÃ­a ni saben limpiarse las nalgas y ya estÃ¡n cogiendo. Pinches chamacos calientes. RT ğŸ” si tambiÃ©nâ€¦ https://t.co/xk28noG0NW",es
"'Carbs are bad for you'   Me: https://t.co/mkZ4VghOcX",en
"KardeÅŸimiz 'CanÄ±sÄ±' #Ä°brahimErkal 'Ä± vefatÄ±nÄ±n 7.gecesinde hemÅŸehrileri ve sevenleri olarak Kuran-Ä± Kerim ve dualarâ€¦ https://t.co/14hwTAFWLS",tr
"fucking worldsex com https://t.co/8dSi79tisd",en
"Tem @chillibeans no mundo todo ğŸ˜ğŸ˜ğŸ˜ https://t.co/1JQ52bxYKe",pt
"@danielhowell okay i let him in on the condition he has to burn the emoji pyjamas https://t.co/HrE1ChI6iS",en
"ğŸ™Œ BREAKING:  @lauramarano lands a new record deal!   we've got the scoop + why we're so psyched  --->â€¦ https://t.co/pIo3TMXOqH",en
"Que Didico abenÃ§oe esse paÃ­s https://t.co/ET2ZV81vtl",pt
"in today's climate of misleading headlines i feel like the two could be totally unrelated lmao https://t.co/pncZzCA0vh",en
"North Light Arts One of our special Artists in Residence this year https://t.co/ZtuDUfd4QC",en
"æ˜ åƒé›»ä¼è™«ã‚’æ•ã¾ãˆã¾ã—ãŸï¼ å·¨äººã«æµ·ç‹é¡ã€ãã—ã¦ã€ã‚ã®çç£ã‚‚?ã€€ä¸€å‘³ã®ãƒ¡ãƒ³ãƒãƒ¼ã¯ã‚ãªãŸæ¬¡ç¬¬!! https://t.co/YagHcy2uetã€€#ãƒˆãƒ¬ã‚¯ãƒ« https://t.co/9WbVSM1LsH",ja
"A concept. Wow. Next tour this is a MUST @NICKIMINAJ #NickiBBMAs https://t.co/rNbfzbm1mT",en
"#BTSBBMAs I can't even believe this is a photo and not a paint https://t.co/iOvJEIqxAu",en
"AsÃ­ tocarÃ¡ pero con PeÃ±alosa https://t.co/leZvYWYSri",es
"How could you ever have a bad day with this lil guy around? #porter https://t.co/TDCOOP3Rxh",en
"Ce soir rÃ©union publique Ã  VouillÃ© avec ma supplÃ©ante Sylvie Aubert. Ensemble donnons une majoritÃ© au PR !â€¦ https://t.co/gd6nl4Vc3z",fr
"Finalement non je vais passer mon tour https://t.co/9xEr9kur85",fr
"ğŸ•˜ TERMINÃ‰ !   Leicester  1-6  Tottenham  Tottenham Ã©crase Leicester avec un quadruplÃ© de Kane, qui conforte sa placâ€¦ https://t.co/fZXKa11COm",fr
"apple look sis, all we want is group FaceTime.... that's all. group FaceTime ... https://t.co/ob90oIR8Ob",en
"Solo or Bangtan boys?  Namjoon was born to be our leader.  I vote @BTS_twt for Top Social Artist #BTSBBMAs https://t.co/GE0JLkP1xN",en
"#ICYMI @beatmerchant has a variety of #music on compact discs, and #vinylrecords. We've always got plenty to chooseâ€¦ https://t.co/TMSbF5Kvh3",en
"TL needs this rn  https://t.co/ytAQ0asBpc",en
"Pauly D died in 2010 and was replaced by Michael Cera: a conspiracy thread https://t.co/1UeD03j8aO",en
"PICTURES: Somalilanders Celebrate Independence Day By Dancing Down Londonâ€™sÂ Whitehall https://t.co/PWtyQEbEHt https://t.co/BTeCPOfzl6",en
"#lomasflipante#pap Burguer Paddington/Londres https://t.co/XFiokcD5Ew",en
"Eu pensei que fossem mm umas sapatilhas ğŸ˜… https://t.co/tlsL6CCT8o",pt
"@Coordosac Saluda el Conversatorio e invita a defender el proceso de paz desde la Amazonia colombiana. Invita ademÃ¡â€¦ https://t.co/pMB2POlqVB",es
"viaggiare Ã¨ come innamorarsi ... il mondo si fa nuovo ...jm https://t.co/03F2rHFQfK",it
"This is the best LeBron James @ColinCowherd has ever seen https://t.co/YHvK9VdpVt",en
"Xxxtentacion went to prom with his cousin https://t.co/mfKY8kfgxG",en
"Twt Marcelo: Lukita ğŸ‘ŠğŸ¾ğŸ¤˜ğŸ½ My big Bro!!!  #thebestmidfielderinthefworld  ğŸ˜ğŸ˜‚ğŸ˜ https://t.co/1pu5NPFgwY",tl
"You are SORELY mistaken my friend if you think I'd ever be over this https://t.co/qh31yDSMcb",en
"This is 'Storm Warning' a reminder that Cornwall isn't all about sunshine. #cornwallartfair #Cornwall #StIves #artâ€¦ https://t.co/evmxHTDCMG",en
"This is next level coonery right here. https://t.co/5UTulxXSz0",en
"Nagoo roalhee gai gellun libun gethah maraamaathu kuran fashaifi https://t.co/HIX0Bo5jJ2 https://t.co/9nm8sBiiGL",in
"Para @AngelicaPastor los bomberos son unos privilegiados. Ella, pesoera y susanista, estÃ¡ para llamar eso a nadie.â€¦ https://t.co/6PBEyIlste",es
"TEMER AÃ‰CIO NEVES IGGY CUNHA ANITTA STF IMPEACHMENT TRUMP PSDB TIMES SQUARE  O TWITTER VAI QUEBRAR https://t.co/B2rjuDRCD5",pt
"*Test Score Comes out* What did you score?  14/15; I got 14 3/15; They gave me 3 https://t.co/uVq1aFSats",en
"Por favor siiiii! #Eurovision https://t.co/n9M0MGRJYk",es
"Time for round 2 https://t.co/6cYtepV4CH",en
"luv beach hair;) https://t.co/Uk5uCjKxrb",en
"Found a Transponder Snail! What's inside? Mystery barrel's shocking secret!! https://t.co/azVXawAT4W #TreCru https://t.co/YPJLUhR6VQ",en
"1- TÃ¼rkiye 300 yaÅŸÄ±nda mÄ± ? 2- 301 yÄ±l Ã¶nce daha mÄ± gÃ¼Ã§lÃ¼ydÃ¼ ? 3- Ne iÃ§miÅŸ olabilir ? https://t.co/r1t8GoIQcS",tr
"Sturgeon is on fire! #ITVDebate ğŸ”¥ğŸ”¥ğŸ”¥ https://t.co/nxImo7XtLG",en
"Guys...this is not good... #HoeyOut #GT4MP https://t.co/GxTPDHzZf8",en
"This guy says he's the victim of a witch hunt. This guy. https://t.co/m04RCVCpoj",en
"[#Circo7708 ğŸ‡«ğŸ‡·] Ravi d'avoir rencontrÃ© @LaetMartigDeces, candidate voisine #LaRÃ©publiqueEnMarche dans laâ€¦ https://t.co/gQPI4WHAvd",fr
"Huge M6 delays again after five-vehicle crash and ... -   ... - https://t.co/Bo4qOmJ4Xf - fromâ€¦ https://t.co/1IvgJK8LnO",en
"Chocolate Chip Cookie Ice Cream Sandwiches https://t.co/SduPze22fh",en
"[1701518] Junmyeon wirh chrislee733 IG UPDATE  #BAMA2017DiamondEdition_Exo https://t.co/WA6BU3wGJ9",ht
"Faz parte sentir saudade de vocÃª ğŸ¶ https://t.co/yRiohjpF8o",pt
"The difference between a helping hand and an outstretched palm is a twist of the wrist. . https://t.co/B1GYyFjx3B",en
"âš”ï¸ğŸ“šGAME OF SUSPENSOSğŸ“šâš”ï¸ https://t.co/kkxD7ZZcvr",pt
"Alienation of working class, rural voter?  @liberal_party needs to govern from the centre (maybe a little north) agâ€¦ https://t.co/SBf4AoyLt5",en
"me: *is dead* cute guy at my funeral: she will never know how much i liked her  me: https://t.co/W0efYtJLDI",en
"The garden of @wadhamoxford is always a good place for a study break. Especially, when the sun is out! https://t.co/J4LqcXejOM",en
"TAMAAN MAN NG KIDLAT HARANGAN MAN NG SIBAT  LANGIT NA KUNG MAGKASAMA  LAGI AY TAYO LANG DALAWAâ€¦ https://t.co/kJagdkXK4w",tl
"Reza a lenda que uma Maria Leal desceu Ã  Terra e deixou descendentes espalhados por Portugal ğŸ’šğŸ’›â¤ https://t.co/JzKzziwm4c",pt
"Â¿CuÃ¡ntas #Libertadores le faltan a #RiBer, para alcanzar a #Boca? ğŸ†ğŸ†ğŸ†ğŸ˜‚ https://t.co/TJV0xL1jre",es
"å¥³å­ã¯å†·æˆ¿å…¥ã‚‹ã¨å†·ãˆã¾ã™ã®ã‚ˆã€‚  è¾²å ´é•·ã€ã¾ã ã¡ã‚‡ã£ã¨ä½“èª¿ä¸è‰¯ã§ã™ã€‚ https://t.co/CE3EdK4isy",ja
"When you applied to 40 jobs and an unsaved number calls you https://t.co/B89DRP23wS",en
"Griezmann: Que gane la Champions la Juve y asÃ­ le damos el BalÃ³n de Oro a Buffon https://t.co/t0S9XApguW https://t.co/WB8tGjTmr4",es
"Quando peÃ§o licenÃ§a educadamente e a pessoa nÃ£o sai https://t.co/bMEjhV3rXv",pt
"Micaela va a pedir a damian, pero los rojos con tal de no darle el gusto ofrecen a Paio. Asco #MTVINSTAARVICICONTEâ€¦ https://t.co/rC5xwKTJ5F",es
"Cuba Remembers Chris Cornell as a 'Rock Hero' After Historic 2005 Audioslave Concert in Havanaâ€¦ https://t.co/RfukVTnVKm",en
"The turkish survivors are the best forget the rest.ğŸ˜ğŸ‘Šâ¤ #survivor https://t.co/UaiggcTsbh",en
".@MartinGarrix â£ï¸ https://t.co/oQX1Ff2b9r",und
"RT if you died  I vote @BTS_twt for #BTSBBMAs https://t.co/fnuccZx8HV",en
"Mdr. Champion de Liga 2016/2017 bravo @realmadrid https://t.co/eVcE5Ae8jF",fr
"El Saime anulÃ³ el pasaporte de CÃ©sar Miguel RondÃ³n - https://t.co/AhW2fRZ5b6 https://t.co/fstD2yO5EV",es
"O que Ã© ser Sportinguista? O nosso #RuiPatrÃ­cio explica! ğŸ’šâšªï¸ NÃ£o percas hoje a Porta-10A a partir das 23h35, naâ€¦ https://t.co/QJPFXWZ547",pt
"ğŸ˜‚ğŸ˜‚ğŸ’€ğŸ’€ğŸ’€ğŸ˜­ğŸ˜­ğŸ˜­ğŸ˜­ğŸ˜­ğŸ˜­ IM DEAD ASSSSS WEAAAAAAAKKKK RN https://t.co/R20gyCpPGN",en
"@promorama39 @Doreenchen1577 @lorebl03 @martimexx1 @PenelopeRuzy @andibeth012 @_Cristian_Vlad_ @YamYamahaâ€¦ https://t.co/8jpSheuMqk",en
"Just passed my 300 followers mark. Thank you to all my followers!!!! We celebrate with King Leonidas of course ğŸ‘ŒğŸ» https://t.co/y0XRvRMZNP",en
"meninas de 15 anos tirando foto hoje em dia / eu com 15 anos tirando foto https://t.co/TQt0VnfFUB",pt
"La evoluciÃ³n de Tormenta https://t.co/O3en2zDkKd https://t.co/WOubt99anQ",es
"MY DOG LITERALLY PEEKED HIS HEAD THROUGH THE TABLE AND HE COULDNT FIGURE HOW TO REMOVE HIMSELF https://t.co/SZ6Y9RN9Mw",en
"me and my girl in 2030 blasting xo tour life on the oldies station finessing dese weakass grandkids boi https://t.co/rajwMz9yiz",en
"Thank you https://t.co/lqI8U2fX78",en
"TIens ? Et si je mettais mon vieux T-shirt informe et avec dÃ©colletÃ© pour passer sur France 3 ?... #Houellebecq http://t.co/LkgKJfvnor",fr
"MADURO le retiene el pasaporte al gobernador @hcapriles y no lo deja de salir del paÃ­s para poder reunirse en la ONâ€¦ https://t.co/LzHSU7UPHD",es
"porque Ã© que passas tanto tempo a dormir? dormir Ã© tÃ£o desnecessÃ¡rio https://t.co/zWIvi1m8AN",pt
"à¸”à¸µà¸­à¸­à¸à¸‡à¸²à¸™à¸”à¸µà¸¡à¸²à¸à¸„à¸° à¸ˆà¸°à¹€à¸¥à¸µà¹‰à¸¢à¸‡à¸”à¸¹à¸­à¸¢à¹ˆà¸²à¸‡à¸”à¸µğŸ˜‚ğŸ˜‚  ig : cky_biew  cr/ facebook : NuttakanPhotograpy https://t.co/axBucIQo8q",und
"JAJAJAJAJAJA ESPERALO https://t.co/5G4O4VWs0j",es
"å‹•ç”»Ver.  ã¡ãªã¿ã«ã“ã‚“ãªæ„Ÿã˜ã§é£›ã³è¶Šãˆã¡ã‚ƒã„ã¾ã™ã€‚ã†ã•ãã®è„šåŠ›èˆã‚ãŸã‚‰ã‚¢ã‚«ãƒ³ https://t.co/moZaO8KiaW",ja
"YO WE NEED THIS RT https://t.co/5hXnpSj28Y",en
"So Proud of these 2 young men @rhodes_malachi and @IsaacMartin_2 ! Keep Working.... #InnerBeastğŸ˜‰ https://t.co/ExGtzqqPv4",en
"You guys are so amazing!! Thank you for the 1M subscribers on YouTube!! https://t.co/0XgPtZJBmB",en
"my sunshine https://t.co/jQIvLV7n0q",en
"Excellente rÃ©ponse de @dupontaignan dans l'Ã©mission Zemmour & Naulleau, la France est une fausse dÃ©mocratie ! https://t.co/u7YBBNqoVX",fr
"ALGUÃ‰M TRÃS UM PRÃŠMIO PRA QUEM FEZ ESSE VÃDEO  EU TÃ” GRITANDO KKKKKKKKKKKKK #BTSBBMAs https://t.co/Y0Q5s27NRO",pt
"[#HQ] 18.05.12 Aeroporto de Incheon - Chanyeol (Cr. Theeth Rich) https://t.co/z2Qw5mBiFi https://t.co/YHaoCZFh39 https://t.co/AxJVhBQTLs",cy
"Aslan, Akrep, BalÄ±k, BoÄŸa, Kova ve Yay'Ä±n ruh hali; https://t.co/HbHHjvCYNI",tr
"è­°è«–ãã£ã¡ã®ã‘ã§ç†Ÿç¡ã™ã‚‹æ°‘é€²å…šã®å°è¥¿æ´‹ä¹‹ #kokkai https://t.co/YeJJAWTZ35",ja
"Continuez Ã  partager la vidÃ©o du chien qui marchait en vous marrant. https://t.co/VGmgu3102i",fr
"-just another miracle of fruit in the hands of the mighty grocer-  do you ever feel like that?â€¦ https://t.co/4Yl6qZyq0T",en
"8 - Pepe https://t.co/tdfoc1VS1i",in
"Non en gros sa veut dire aller vers les gens s'intÃ©grer a la sociÃ©tÃ© https://t.co/6Wokfm5ohV",fr
"My phone died interlude ğŸ˜‚ğŸ˜‚ğŸ˜‚ https://t.co/e1kgTkKDWA",en
"Virgin love tunnel rammed by dick  https://t.co/ZeFT8fdlSL",en
"A true love story. https://t.co/UQBES8g6sh",en
"Pode ser ğŸ˜‰ğŸ‘‡ğŸ¼ https://t.co/6ut5CIg4DD",pt
"That lipstick looks killer on you omg https://t.co/QSLnnS5zJF",en
"LMAO THIS BITCH DIRTY. https://t.co/ovQ1j5vyys",en
